season,slot,time_scenario,albedo,K_time,K_albedo,cells_nonzero,mean_active,max
winter,morning,scenario_1,no_snow,0.5167,1.0,28778,0.5167,0.5167
winter,morning,scenario_1,dirty_snow,0.5167,0.85,28778,0.4392,0.4392
winter,morning,scenario_1,clean_snow,0.5167,0.25,28778,0.1292,0.1292
winter,morning,scenario_2,no_snow,0.6972,1.0,28778,0.6972,0.6972
winter,morning,scenario_2,dirty_snow,0.6972,0.85,28778,0.5926,0.5926
winter,morning,scenario_2,clean_snow,0.6972,0.25,28778,0.1743,0.1743
winter,morning,scenario_3,no_snow,0.3917,1.0,28778,0.3917,0.3917
winter,morning,scenario_3,dirty_snow,0.3917,0.85,28778,0.3329,0.3329
winter,morning,scenario_3,clean_snow,0.3917,0.25,28778,0.0979,0.0979
winter,day,scenario_1,no_snow,1.0,1.0,29115,1.0,1.0
winter,day,scenario_1,dirty_snow,1.0,0.85,29115,0.85,0.85
winter,day,scenario_1,clean_snow,1.0,0.25,29115,0.25,0.25
winter,day,scenario_2,no_snow,1.0,1.0,29115,1.0,1.0
winter,day,scenario_2,dirty_snow,1.0,0.85,29115,0.85,0.85
winter,day,scenario_2,clean_snow,1.0,0.25,29115,0.25,0.25
winter,day,scenario_3,no_snow,1.0,1.0,29115,1.0,1.0
winter,day,scenario_3,dirty_snow,1.0,0.85,29115,0.85,0.85
winter,day,scenario_3,clean_snow,1.0,0.25,29115,0.25,0.25
winter,evening,scenario_1,no_snow,1.0,1.0,24709,1.0,1.0
winter,evening,scenario_1,dirty_snow,1.0,0.85,24709,0.85,0.85
winter,evening,scenario_1,clean_snow,1.0,0.25,24709,0.25,0.25
winter,evening,scenario_2,no_snow,1.0,1.0,24709,1.0,1.0
winter,evening,scenario_2,dirty_snow,1.0,0.85,24709,0.85,0.85
winter,evening,scenario_2,clean_snow,1.0,0.25,24709,0.25,0.25
winter,evening,scenario_3,no_snow,1.0,1.0,24709,1.0,1.0
winter,evening,scenario_3,dirty_snow,1.0,0.85,24709,0.85,0.85
winter,evening,scenario_3,clean_snow,1.0,0.25,24709,0.25,0.25
winter,night,scenario_1,no_snow,0.6958,1.0,18120,0.6958,0.6958
winter,night,scenario_1,dirty_snow,0.6958,0.85,18120,0.5914,0.5914
winter,night,scenario_1,clean_snow,0.6958,0.25,18120,0.174,0.174
winter,night,scenario_2,no_snow,0.8146,1.0,18120,0.8146,0.8146
winter,night,scenario_2,dirty_snow,0.8146,0.85,18120,0.6924,0.6924
winter,night,scenario_2,clean_snow,0.8146,0.25,18120,0.2036,0.2036
winter,night,scenario_3,no_snow,0.6104,1.0,18120,0.6104,0.6104
winter,night,scenario_3,dirty_snow,0.6104,0.85,18120,0.5188,0.5188
winter,night,scenario_3,clean_snow,0.6104,0.25,18120,0.1526,0.1526
summer,morning,scenario_1,no_snow,0.0,1.0,0,0.0,0.0
summer,morning,scenario_1,dirty_snow,0.0,0.85,0,0.0,0.0
summer,morning,scenario_1,clean_snow,0.0,0.25,0,0.0,0.0
summer,morning,scenario_2,no_snow,0.0,1.0,0,0.0,0.0
summer,morning,scenario_2,dirty_snow,0.0,0.85,0,0.0,0.0
summer,morning,scenario_2,clean_snow,0.0,0.25,0,0.0,0.0
summer,morning,scenario_3,no_snow,0.0,1.0,0,0.0,0.0
summer,morning,scenario_3,dirty_snow,0.0,0.85,0,0.0,0.0
summer,morning,scenario_3,clean_snow,0.0,0.25,0,0.0,0.0
summer,day,scenario_1,no_snow,0.0,1.0,0,0.0,0.0
summer,day,scenario_1,dirty_snow,0.0,0.85,0,0.0,0.0
summer,day,scenario_1,clean_snow,0.0,0.25,0,0.0,0.0
summer,day,scenario_2,no_snow,0.0,1.0,0,0.0,0.0
summer,day,scenario_2,dirty_snow,0.0,0.85,0,0.0,0.0
summer,day,scenario_2,clean_snow,0.0,0.25,0,0.0,0.0
summer,day,scenario_3,no_snow,0.0,1.0,0,0.0,0.0
summer,day,scenario_3,dirty_snow,0.0,0.85,0,0.0,0.0
summer,day,scenario_3,clean_snow,0.0,0.25,0,0.0,0.0
summer,evening,scenario_1,no_snow,0.0,1.0,0,0.0,0.0
summer,evening,scenario_1,dirty_snow,0.0,0.85,0,0.0,0.0
summer,evening,scenario_1,clean_snow,0.0,0.25,0,0.0,0.0
summer,evening,scenario_2,no_snow,0.0,1.0,0,0.0,0.0
summer,evening,scenario_2,dirty_snow,0.0,0.85,0,0.0,0.0
summer,evening,scenario_2,clean_snow,0.0,0.25,0,0.0,0.0
summer,evening,scenario_3,no_snow,0.0,1.0,0,0.0,0.0
summer,evening,scenario_3,dirty_snow,0.0,0.85,0,0.0,0.0
summer,evening,scenario_3,clean_snow,0.0,0.25,0,0.0,0.0
summer,night,scenario_1,no_snow,0.0,1.0,0,0.0,0.0
summer,night,scenario_1,dirty_snow,0.0,0.85,0,0.0,0.0
summer,night,scenario_1,clean_snow,0.0,0.25,0,0.0,0.0
summer,night,scenario_2,no_snow,0.0,1.0,0,0.0,0.0
summer,night,scenario_2,dirty_snow,0.0,0.85,0,0.0,0.0
summer,night,scenario_2,clean_snow,0.0,0.25,0,0.0,0.0
summer,night,scenario_3,no_snow,0.0,1.0,0,0.0,0.0
summer,night,scenario_3,dirty_snow,0.0,0.85,0,0.0,0.0
summer,night,scenario_3,clean_snow,0.0,0.25,0,0.0,0.0
midseason,morning,scenario_1,no_snow,0.0583,1.0,28778,0.0583,0.0583
midseason,morning,scenario_1,dirty_snow,0.0583,0.85,28778,0.0496,0.0496
midseason,morning,scenario_1,clean_snow,0.0583,0.25,28778,0.0146,0.0146
midseason,morning,scenario_2,no_snow,0.0861,1.0,28778,0.0861,0.0861
midseason,morning,scenario_2,dirty_snow,0.0861,0.85,28778,0.0732,0.0732
midseason,morning,scenario_2,clean_snow,0.0861,0.25,28778,0.0215,0.0215
midseason,morning,scenario_3,no_snow,0.0403,1.0,28778,0.0403,0.0403
midseason,morning,scenario_3,dirty_snow,0.0403,0.85,28778,0.0343,0.0343
midseason,morning,scenario_3,clean_snow,0.0403,0.25,28778,0.0101,0.0101
midseason,day,scenario_1,no_snow,0.6569,1.0,29115,0.6569,0.6569
midseason,day,scenario_1,dirty_snow,0.6569,0.85,29115,0.5584,0.5584
midseason,day,scenario_1,clean_snow,0.6569,0.25,29115,0.1642,0.1642
midseason,day,scenario_2,no_snow,0.7444,1.0,29115,0.7444,0.7444
midseason,day,scenario_2,dirty_snow,0.7444,0.85,29115,0.6327,0.6327
midseason,day,scenario_2,clean_snow,0.7444,0.25,29115,0.1861,0.1861
midseason,day,scenario_3,no_snow,0.5819,1.0,29115,0.5819,0.5819
midseason,day,scenario_3,dirty_snow,0.5819,0.85,29115,0.4946,0.4946
midseason,day,scenario_3,clean_snow,0.5819,0.25,29115,0.1455,0.1455
midseason,evening,scenario_1,no_snow,0.7917,1.0,24709,0.7917,0.7917
midseason,evening,scenario_1,dirty_snow,0.7917,0.85,24709,0.6729,0.6729
midseason,evening,scenario_1,clean_snow,0.7917,0.25,24709,0.1979,0.1979
midseason,evening,scenario_2,no_snow,0.8917,1.0,24709,0.8917,0.8917
midseason,evening,scenario_2,dirty_snow,0.8917,0.85,24709,0.7579,0.7579
midseason,evening,scenario_2,clean_snow,0.8917,0.25,24709,0.2229,0.2229
midseason,evening,scenario_3,no_snow,0.7063,1.0,24709,0.7063,0.7063
midseason,evening,scenario_3,dirty_snow,0.7063,0.85,24709,0.6004,0.6004
midseason,evening,scenario_3,clean_snow,0.7063,0.25,24709,0.1766,0.1766
midseason,night,scenario_1,no_snow,0.15,1.0,18120,0.15,0.15
midseason,night,scenario_1,dirty_snow,0.15,0.85,18120,0.1275,0.1275
midseason,night,scenario_1,clean_snow,0.15,0.25,18120,0.0375,0.0375
midseason,night,scenario_2,no_snow,0.1917,1.0,18120,0.1917,0.1917
midseason,night,scenario_2,dirty_snow,0.1917,0.85,18120,0.1629,0.1629
midseason,night,scenario_2,clean_snow,0.1917,0.25,18120,0.0479,0.0479
midseason,night,scenario_3,no_snow,0.1187,1.0,18120,0.1187,0.1187
midseason,night,scenario_3,dirty_snow,0.1187,0.85,18120,0.1009,0.1009
midseason,night,scenario_3,clean_snow,0.1187,0.25,18120,0.0297,0.0297
